{
  "CFIT": {
    "precision": 0.43478260869565216,
    "recall": 1.0,
    "f1-score": 0.6060606060606061,
    "support": 10.0
  },
  "MAC": {
    "precision": 1.0,
    "recall": 0.375,
    "f1-score": 0.5454545454545454,
    "support": 16.0
  },
  "LOC-I": {
    "precision": 1.0,
    "recall": 1.0,
    "f1-score": 1.0,
    "support": 1.0
  },
  "RI": {
    "precision": 0.0,
    "recall": 0.0,
    "f1-score": 0.0,
    "support": 0.0
  },
  "GCOL": {
    "precision": 0.3333333333333333,
    "recall": 1.0,
    "f1-score": 0.5,
    "support": 1.0
  },
  "SCF-NP": {
    "precision": 0.0,
    "recall": 0.0,
    "f1-score": 0.0,
    "support": 1.0
  },
  "SEC": {
    "precision": 1.0,
    "recall": 1.0,
    "f1-score": 1.0,
    "support": 2.0
  },
  "ATM": {
    "precision": 0.0,
    "recall": 0.0,
    "f1-score": 0.0,
    "support": 2.0
  },
  "TURB": {
    "precision": 0.0,
    "recall": 0.0,
    "f1-score": 0.0,
    "support": 0.0
  },
  "RAMP": {
    "precision": 0.0,
    "recall": 0.0,
    "f1-score": 0.0,
    "support": 1.0
  },
  "UNK": {
    "precision": 0.0,
    "recall": 0.0,
    "f1-score": 0.0,
    "support": 1.0
  },
  "accuracy": 0.5714285714285714,
  "macro avg": {
    "precision": 0.3425559947299078,
    "recall": 0.3977272727272727,
    "f1-score": 0.33195592286501374,
    "support": 35.0
  },
  "weighted avg": {
    "precision": 0.6766045548654245,
    "recall": 0.5714285714285714,
    "f1-score": 0.5225108225108226,
    "support": 35.0
  }
}